2017-08-14	,
약속은 5시인데 10시까지 더뮤지션 짛훊 온에어라서 ㅎㅎ ,,
,		,
하  🍑 힝‏ ,
2017-08-14	,
그렇다 지금까지 내가 깨어잇ㅅ던 이유는 지성이 온에어를 하기 위해서였던 것이다,,, 아아 진ㄴ짜 넘우 참사랑ㅇ이군,,,,! 이 시간ㅇ에 이게 모하는 걸가,,,
,		,
[캘리커미션] 더뮤지션닉='아르님'‏ ,
2017-08-14	,
#워너원 #굿즈 #포토카드 #포카 #폴라로이드 #폴라 #더뮤지션 #선입금 #가계약 #판매 #wannaone
,	#워너원 #굿즈 #포토카드 #포카 #폴라로이드 #폴라 #더뮤지션 #선입금 #가계약 #판매 #wannaone	,
워너원굿즈판매(포카판매중)‏ ,
2017-08-14	,
 워너원 더뮤지션 폴라로이드 포토카드 판매

http://naver.me/5vAfUi1C 
입금 후 작성해주세요
 자세한 사항은 폼을 열어 확인해주세요.
 문의사항은 멘션보다 디엠이 확인이 편합니다.
 선!입!금! 입니다.

타래참고pic.twitter.com/OM89yKhugV
,		,
워너원굿즈판매(포카판매중)‏ ,
2017-08-14	,
뚀잉
,		,
[캘리커미션] 더뮤지션닉='아르님'‏ ,
2017-08-14	,
더 뮤지션 하러가야지
재밋어요
,		,
닮 🍯‏ ,
2017-08-14	,
오잉또잉
,		,
[캘리커미션] 더뮤지션닉='아르님'‏ ,
2017-08-14	,
헙 저는 그럴땐 더 뮤지션을 해요 ㅋㅋㅋㅋㅋㅋㅋㅋㅋㅋㅋㅋㅋㅋ환멸납니다
,		,
소소‏ ,
2017-08-14	,
더 뮤지션 너무 쟈밌어
,		,
밤만쥬전쥬‏ ,
2017-08-14	,
워너블여러분정말죄송해요더뮤지션좀하고올게요 #워너원_사생문제해결해주세요 지성이타임이에요좀하고올게요
,	,#워너원_사생문제해결해주세요 지성이타임이에요좀하고올게요
,	,
난 워너블이고 이건 총공용 계정‏ ,
2017-08-14	,
더뮤지션 업데이트 이후로 터치 안먹고 렉걸리고 앱 튕겨서 저절로 꺼지고 총체적 난국임
,		,
이렐  🐰 일S1‏ ,
2017-08-14	,
더 뮤지션해야지
,		,
재이‏ ,
2017-08-14	,
지금 더뮤지션 지성이픽 열렸으니까 십문있다올게요
,		,
재님‏ ,
2017-08-14	,
더뮤지션 하세요 게임ㅈ ㅐ밀음 ㅋㅋ ㅇㄴㅇ때문애 시작한건 아니대 어쩌다보니 픽곡깨고잏다
,		,
라임‏ ,
2017-08-14	,
더..뮤지션...ㅋ  ㅋ ㅋ ㅋ ㅋ ㅋㅋㅋ ㅋ ㅋㅋㅋ
,		,
믈 🐇‏ ,
2017-08-14	,
존나 잔다면서 에너제틱 뮤비 울면서 보나가 울면서 더뮤지션 깔고 몇 판 했는데 판정 존나 후해서 이게 모지 하다가 에너제틱 뮤비를 봤다 난 쓸디에 절대 안 치여 했던 김츠유는 이제 없다
,		,
 🌸츠유 🌸‏ ,
2017-08-14	,
3. 이건 워낙 유명한곡이지만 모르는사람도 많은것같아서...실사 나두 더뮤지션에서 알게됨...나년ㅋ 음 일단 웅장한 오케스트라와 리한나의 파워풀앤드소울풀 보이스가 여러분을 감성병의 세계로 인도하는 하이패스가 되어줄거임ㅇㅇ 한때 이노래 1일10번씩들음ㅋ pic.twitter.com/wqAcbTA0sY
,		,
쥰뗌므 💫‏ ,
2017-08-14	,
아니머래더뮤지션
,		,
믈 🐇‏ ,
2017-08-14	,
더뮤지션..해보고싶어서 깔았는데 몇개 해보다 지움,,난 그냥 워너원 노래 해보고싶었는데,,
,		,
주끄따‏ ,
2017-08-14	,
더뮤지션 존잼인데 실재님이랑 계속 뜨고잇음
,		,
믈 🐇‏ ,
2017-08-14	,
더뮤지션 하다보니까... 제가 안 잔 게 아니라 시간이 맘대로 간거예요
,		,
믈 🐇‏ ,
2017-08-14	,
아니 무슨일 있는건 아니고 ! 더뮤지션 했었는데 어려워서 할수록 화나 (?)
,		,
솜‏ ,
2017-08-14	,
젼릠 ㅠㅠ 더뮤지션 한다고 잠 안자지 말고 푹 자여
,		,
윤기러버 슈가라잇‏ ,
2017-08-14	,
더뮤지션 하시는 무무님들 마빠무 친추 해주세요!!! pic.twitter.com/yNbFelS9GD
,		,
[애인니뮤 어디 계세요] 마빠무‏ ,
2017-08-14	,
아 더뮤지션 하고 싶다
,		,
•*¨*•.¸¸☆*･‏ ,
2017-08-14	,
아 딥휘도 나온다,,, 더 뮤지션 광고
,		,
영지‏ ,
2017-08-14	,
더뮤지션 광고 마지막에 한손으로 하는거 지훈이니..?
,		,
마카롱‏ ,
2017-08-14	,
헐 좃댓다 나 더뮤지션 안 들갔음
,		,
 🌱콩툐퍄 🌱유토피아‏ ,
2017-08-14	,
엥 더뮤지션 영단즈 버전 언제나왔냐
,		,
라잇‏ ,
2017-08-14	,
김라인이는 더 뮤지션에 빠졌습니다.
,		,
라인스토어‏ ,
2017-08-14	,
더뮤지션이나 해야지
,		,
앨범 언제오냐 카양 🌫‏ ,
2017-08-14	,
저희가 광고를 찍었으니까 게임은 더뮤지션. 렌즈는 렌즈나인. 교복은 아이비. 팬들은 이것을 하면 저희 가수가 모델이니 좋아할수도있는것이죠. 따라하는것이 아닙니다. 혼자 착각하시고 혼자 열폭하시는거 보기 안좋습니다 훈도라도님.
,		,
ᴏɴʟʏ, sᴍɪʟᴇ!‏ ,
2017-08-14	,
더뮤지션 워너원채널 4회깨는거 할려했도니 약효과로 잔다....
,		,
디바‏ ,
2017-08-14	,
ㅋㅋㅋㅋ 너 더뮤지션해?
,		,
찐빵휘‏ ,
2017-08-14	,
워ㅓLㅓ1 분들이 광고한다구 해서 친구가 더뮤지션ㄴ 게임 알려죳는데 하하 저는. . . , 우주..먼..지..^^,,, 닉네임 1715 하시는 분 잇으시면... 친..추...환영..ㅡ,합니다. . .,,
,		,
1715‏ ,
2017-08-14	,
아 미친 쿡ㄱ쿠 넘 귀여워 어떡ㅇ해 머리띠 꾹꾹 눌러서 다시 쓰니까 사람들이 귀여워 죽으려1구 하니까 쑥스러워해 ㅠㅠㅜㅠ
,		,
[캘리커미션] 더뮤지션닉='아르님'‏ ,
2017-08-14	,
미궁 끝내구 더뮤지션하러 갑니댜
,		,
깝진이‏ ,
2017-08-14	,
글애 내가 최애들 이름 부르는 것도 비슷한 것ㅅ이다
,		,
[캘리커미션] 더뮤지션닉='아르님'‏ ,
2017-08-14	,
상어놈들 대가족ㄱ이야,,,
,		,
[캘리커미션] 더뮤지션닉='아르님'‏ ,
2017-08-14	,
아 이제 할머니 상어 쓸랫ㅅㄴ느데 넘 힘들ㄴ다 아니 상어는 뭔 가족을 바리바리 동요까지 끌고왓ㅅ대
,		,
[캘리커미션] 더뮤지션닉='아르님'‏ ,
2017-08-14	,
한가롭게 더뮤지션 하는 사람 나야 나 pic.twitter.com/ypNSTZf65l
,		,
돌쇠‏ ,
2017-08-14	,
그거 더뮤지션이랑 관련있는거 아닌가여...???
,		,
 💌 💭성운행 러브레터 💭 💌‏ ,
2017-08-14	,
부들부들 저 더뮤지션 그렇게 쳤다가 자꾸 빠꾸당해서 포기햇서뇨
,		,
도련‏ ,
2017-08-14	,
아~ 빠~ 상어~! 뚜루루뚜루~
힘! 이! 센~! 뚜루루뚜루~
바! 닷! 속~! 뚜루루뚜루~
아빠 상어~!
,		,
[캘리커미션] 더뮤지션닉='아르님'‏ ,
2017-08-14	,
우리반 3분의1이 더뮤지션인가 그거 하는데 나혼자 비트 와이지하겠네
,		,
 💸헤빙 💸‏ ,
2017-08-14	,
더뮤지션 냴옹 버전도 빨리 보고싶네
,		,
람 👻‏ ,
2017-08-14	,
엄~ 마~ 상어~! 뚜루루뚜루~
어!여!쁜~! 뚜루루뚜루~
바!닷!속~! 뚜루루뚜루~
엄마 상어~!
,		,
[캘리커미션] 더뮤지션닉='아르님'‏ ,
2017-08-14	,
더뮤지션!!
,		,
천 장  💋‏ ,
2017-08-14	,
아~기~ 상어~! 뚜루루뚜루~
귀여운~ 바닷속~ 아기 상어!
,		,
[캘리커미션] 더뮤지션닉='아르님'‏ ,
2017-08-14	,
더뮤지션 ㅁ맞다 밈
,		,
 🍹참맛 🍭‏ ,
2017-08-14	,
우리가 하혀누를 보던 표정으로 서대장님을 보는 하혀누,,,
,		,
[캘리커미션] 더뮤지션닉='아르님'‏ ,
2017-08-14	,
아 씨발 저랑 더뮤지션 친구하자;;;;
,		,
배코품‏ ,
2017-08-14	,
ㄱㅋㄱㅋㅋㅋㅋㅋ 꿀ㄴ님 ㅋㄱㄱㄱㄱㅋㄱㄱㅋㄱㄱㅋㄱㄱㅋ
,		,
[캘리커미션] 더뮤지션닉='아르님'‏ ,
2017-08-14	,
하지만 내가 행복하닉가 댓ㅅ어!
,		,
[캘리커미션] 더뮤지션닉='아르님'‏ ,
2017-08-14	,
흠 나는 한가지 중대한 사실ㅇ을 깨달앗ㅅ다,,, 국덕들은 나 빼고 다 노래까지 존잘이엇ㅅ던 것이다,,,,
,		,
[캘리커미션] 더뮤지션닉='아르님'‏ ,
2017-08-14	,
저같은 돌대가리한테 최근에 뭘 작성했죠 따위의 힌트는 안주는 거나 똑같은거랍니다 더뮤지션에수 잓성햇잔아요 전 이제 모르갯다 더 이상
,		,
Peach 💘‏ ,
2017-08-14	,
더뮤지션에서 걱정말아요 그대 기타로 쳤는데 너무 슬펐어 게임 주제에 기타소리 개좋
,		,
✿귤✿‏ ,
2017-08-14	,
하 어제 하현ㄴ우 넘 기여웟다 나도 하혀누 앞에가면 저러케 말이 많아질가,,,? ㅇ아니야 나는 떨ㄹ려서 말도 못하고 속으로만 귀엽다!!!!!!! 귀여워!!!!!!!!를 외치며 발길질을 날ㄹ리고 잇을거야,,,,,
,		,
[캘리커미션] 더뮤지션닉='아르님'‏ ,
2017-08-14	,
더뮤지션 친구는 하고픈뎅 더뮤지션을 지웠다,,,
,		,
판린할미 ( 관린이로 교환해주세요 )‏ ,
2017-08-14	,
더뮤지션.. 료이 닉을 가진분이 계시다... 고로 나는 Horoyoi..
,		,
 🔥님은 콘섵이라도 가즤 🔥‏ ,
2017-08-14	,
밈 더뮤지션 헤오?
,		,
낙지‏ ,
2017-08-14	,
한참 뒤에 별빛이 내리며어언 난 다시 잠들 순 없갯ㅅ죠~~!
,		,
[캘리커미션] 더뮤지션닉='아르님'‏ ,
2017-08-14	,
커피를 너무 마니 마셧ㅅ나바요 심장이 막 두근대고 잠은 잘 수가 업서요~
,		,
[캘리커미션] 더뮤지션닉='아르님'‏ ,
2017-08-14	,
아 ㅁㅊ 더뮤지션 용량땜에 삭했는데 프로디제이 젭라가 다시 나서야겠구만,
,		,
.oO(ㅂH지녕보구시퍼ㅠ)젭ㄹㅏ 🐝‏ ,
2017-08-14	,
다들 더뮤지션 친구하자 넴을 말해봐 딥닼딥닼으로 친신 걸거야
,		,
(배진영 귀여워 진짜) 라썸‏ ,
2017-08-14	,
더뮤지션 하고왔어
,		,
(배진영 귀여워 진짜) 라썸‏ ,
2017-08-14	,
저도 복님이랑 더뮤지션 칭구하고시포요
,		,
지 옹 인 뒈‏ ,
2017-08-14	,
더뮤지션인대요 재미업어요
,		,
슈너무잘생겻어요‏ ,
2017-08-14	,
아 맞아 나 음원 나오고 부터 더뮤지션 접고 앱 지워ㅛ긔...스밍 돌려야해서 끊기면 안대니까ㅜ
,		,
섀럼 ✨‏ ,
2017-08-14	,
저랑 더뮤지션 친구하실 분
이름은 스프라잍이라고 치시면 나올거에요
,		,
SPRITE ✨‏ ,
2017-08-14	,
저랑 같이 더뮤지션 하실 분
,		,
김하노‏ ,
2017-08-14	,
더뮤지션 재밌오! 벌써 곡 11개 정두 샀댜
,		,
[ 🌺패셔니스타 🌺] 🌸스윗 🌸‏ ,
2017-08-14	,
더뮤지션 하는 사람?!
,		,
 ❤다이치가 보고싶어요 ❤ 져니‏ ,
2017-08-14	,
하늘바라기! 진ㄴ짜 이 노래 넘 조아ㅠㅠㅜpic.twitter.com/qf0QDUDPkj
,		,
[캘리커미션] 더뮤지션닉='아르님'‏ ,
2017-08-14	,
더뮤지션 하시는 분들 '쩡구기어미'로 친구 추가해 주세용  저애요
,		,
돌쇠‏ ,
2017-08-14	,
ㅅㅂ 나만그런가 더뮤지션할때 내가치는것도아닌데 피아노음나오고 내가치는것보다 피아노음이 더많이나오는게 싫어서 내가치는걸로만 소리나오는걸로 에너제틱 과감하게 치고옴... pic.twitter.com/spQ38aOCaD
,		,
햇살(*❛ั▽❛ั*)✧*。‏ ,
2017-08-14	,
나랑 더뮤지션 친구할사람 ^^^^^^
,		,
발꼬락‏ ,
2017-08-14	,
marry me!pic.twitter.com/jDKosmKWEj
,		,
[캘리커미션] 더뮤지션닉='아르님'‏ ,
2017-08-14	,
오랜맘네 더 뮤지션이나할까
,		,
햇살(*❛ั▽❛ั*)✧*。‏ ,
2017-08-14	,
더뮤지션?그것도 재밌데
,		,
[E57 1열]두끼‏ ,
2017-08-14	,
그러겟 •• 나 오늘 더뮤지션 처음으루ㅜ 깔았다!
,		,
SPRITE ✨‏ ,
2017-08-14	,
내친구 시발 겜창 인생이데 더뮤지션 열심세미프로야 ㅋㅋㅋㅋㅋㅋㅋㅋㅋㅋㅋㅋㅋㅋㅋㅋㅋㅋㅋㅋㅋㅋㅋㅋㅋㅋㅋㅋ 얘 분명 이 게임 시작한지 며칠안됐는데 ㅋㅋㅋㅋㅋㅋㅋㅋㅋㅋㅋㅋㅋㅋㅋㅋㅋㅋ
,		,
쭝쟈‏ ,
2017-08-14	,
헉ㄱ ㅇ아니애요 힘들면 ㅇ안하셔두 대요,,!,! 전 뭐든 뒹굴님 목ㅅ소리만 들으면 대요ㅠㅠㅜㅠㅠㅜㅠ
,		,
[캘리커미션] 더뮤지션닉='아르님'‏ ,
2017-08-14	,
히히 그래두 소스님 목소리면 다 조아요!!
,		,
[캘리커미션] 더뮤지션닉='아르님'‏ ,
2017-08-14	,
더뮤지션 팀별로 다 찍엇나ㅋㅋㅋㅋㅋㅋㅋ 얼간즈는 어쩌지 목장갑끼고 게임하진 않았을텐데.....?ㅋㅋㅋㅋㅋㅋㅋㅋㅋㅋㅌㅋㅋㅋㅋ
,		,
ᴡʜᴀᴛᴊɪɴ 💘‏ ,
2017-08-14	,
더 뮤지션 애들 광고  처음봤는데 너무 귀여워
,		,
지성누리‏ ,
2017-08-14	,
ㅁ마,,,마자요,,, ㅅ사실 저도 좋아하면ㄴ서 부를 수는 없서요,,,ㅋㅋㄱㄱ큐ㅠㅠㅠㅜㅠ 앗 그럼 여전히 아름다운지는 아실가요,,,!
,		,
[캘리커미션] 더뮤지션닉='아르님'‏ ,